CrashGuard.java,com.fasttrack.security.CrashGuard$1.run,#9978,2249,1641
AdmobNativeAdapter.java,net.appcloudbox.ads.adadapter.AdmobNativeAdapter.AdmobNativeAdapter.onLoad,#3523,450,374
MainGiftController.java,com.fasttrack.security.main.MainGiftController$3.onAnimationEnd,#9980,386,302
SCPackageManager.java,com.fasttrack.security.applock.manager.SCPackageManager.getAppIconFromSys,#9071,381,31
XmlUtils.java,com.android.internal.util.XmlUtils.readMapXml,#170,267,12
AdmobInterstitialAdapter.java,net.appcloudbox.ads.adadapter.AdmobInterstitialAdapter.AdmobInterstitialAdapter$3.run,#3601,218,182
s,com.avl.engine.c.a.s.a,#4073,138,96
CommonSessionMgr.java,net.appcloudbox.common.session.CommonSessionMgr.startSession,#9012,130,62
d,com.avl.engine.c.a.d.a,#7469,124,105
a,com.avl.engine.g.e.a.d,#4057,118,77
:com.google.android.gms.DynamiteModulesA@11975436,com.airbnb.lottie.Cancellable.cancel,#9125,114,82
ProtectedAppDatabaseHelper.java,com.fasttrack.security.applock.manager.ProtectedAppDatabaseHelper.fetchLockedApplicationNames,#9374,111,2
ClearCacheProcessor.java,com.ihs.device.clean.accessibility.task.clearcache.ClearCacheProcessor.processEvent,#2168,95,76
b,com.avl.engine.security.b.b,#741,80,43
AdmobNativeAdapter.java,net.appcloudbox.ads.adadapter.AdmobNativeAdapter.AdmobNativeAdapter$1.run,#3537,80,29
HSVersionControlUtils.java,com.ihs.app.utils.HSVersionControlUtils.getAppVersionCode,#611,76,49
Base64.java,net.appcloudbox.common.utils.Base64.decode,#2315,73,47
HSAppCompatActivity.java,com.fasttrack.security.HSAppCompatActivity.onCreate,#1440,67,27
i,com.avl.engine.a.i.c,#3961,63,10
XmlUtils.java,com.android.internal.util.XmlUtils.writeMapXml,#5609,63,8
HSAppCompatActivity.java,com.ihs.app.framework.activity.HSAppCompatActivity.onCreate,#672,59,49
:com.google.android.gms.DynamiteModulesA@11975438,bolts.UnobservedErrorNotifier.task,#9221,56,51
AcbAdmobNativeAd.java,net.appcloudbox.ads.adadapter.AdmobNativeAdapter.AcbAdmobNativeAd.getAdContainerView,#2152,55,45
:com.google.android.gms.DynamiteModulesA@11975434,com.airbnb.lottie.Cancellable.cancel,#9112,53,30
BaseActivity.java,com.ihs.chargingreport.BaseActivity.onCreate,#9109,52,9
NetworkChangeNotifierAutoDetect.java,org.chromium.net.NetworkChangeNotifierAutoDetect$ConnectivityManagerDelegate.getNetworkInfo,#1649,50,44
SCApplication.java,com.fasttrack.security.SCApplication.processFeatureChargingReport,#9127,50,38
NotificationManager.java,com.fasttrack.security.notification.NotificationManager.initIfNeeded,#9217,43,18
SessionMgr.java,com.ihs.app.framework.inner.SessionMgr.endSession,#7741,40,25
SafeWindowManager.java,com.fasttrack.security.floatwindow.SafeWindowManager.addView,#683,37,16
KeepAliveService.java,com.fasttrack.security.alive.KeepAliveService.onCreate,#2170,31,21
ResultPageActivity.java,com.fasttrack.security.resultpage.ResultPageActivity.finishSelfAndParentActivity,#8794,31,18
lr,com.flurry.sdk.lr.a,#4072,30,21
:com.google.android.gms.DynamiteModulesA@11975448,com.airbnb.lottie.Cancellable.cancel,#9147,30,17
NotificationGuideShowUtils,com.fasttrack.security.notificationcleaner.guide.NotificationGuideShowUtils$$Lambda$2.run,#9174,29,15
CommonSessionMgr.java,net.appcloudbox.common.session.CommonSessionMgr.endSession,#2448,28,18
SnapSurfaceView.java,com.fasttrack.security.view.SnapSurfaceView.surfaceCreated,#2275,27,6
CrashFileManager.java,org.chromium.components.minidump_uploader.CrashFileManager.,#3361,26,21
:com.google.android.gms.DynamiteModulesA@11975438,com.airbnb.lottie.Cancellable.cancel,#9235,26,21
HSAccTaskManager.java,com.ihs.device.clean.accessibility.HSAccTaskManager$1.com.ihs.device.clean.accessibility.agent.AccessibilityTaskAgent.getActionMode,#2137,25,22
AcbAdUtils.java,net.appcloudbox.ads.loadcontroller.AcbAdUtils.getNetworkInfo,#2236,25,19
Utils.java,com.acb.autopilot.utils.Utils.isNetworkConnected,#4756,25,1
SnapSurfaceView.java,com.fasttrack.security.view.SnapSurfaceView.getCameraDisplayOrientation,#4395,24,6
OneTapClearCacheProcessor.java,com.ihs.device.clean.accessibility.task.onetapclearcache.OneTapClearCacheProcessor.processEvent,#1077,23,18
EventUploadTask.java,com.acb.autopilot.inner.EventUploadTask$1.com.acb.autopilot.inner.data.EventDBHelper.insertEvent,#3271,23,19
FlashButton.java,com.fasttrack.security.lockscreen.charging.view.FlashButton.drawableToBitmap,#5350,22,5
AcbVersionControlUtils.java,net.appcloudbox.common.utils.AcbVersionControlUtils.getAppVersionCode,#2521,21,13
BubbleAnimationView.java,com.ihs.chargingreport.views.BubbleAnimationView.startBubbleAnimation,#7668,21,17
h,com.facebook.ads.internal.i.b.h.b,#7985,20,13
a,com.avl.engine.g.e.a.c,#5714,19,14
Thread.java,java.lang.Thread.nativeCreate,#238,18,11
DiskBasedCache.java,com.mopub.volley.toolbox.DiskBasedCache.streamToBytes,#2470,18,10
AcbAdmobNativeAd.java,net.appcloudbox.ads.adadapter.AdmobNativeAdapter.AcbAdmobNativeAd.getAdContainerView,#2474,18,17
q,com.avl.engine.c.a.q.a,#5729,18,14
Runtime.java,java.lang.Runtime.loadLibrary,#412,17,2
FlurryLogger.java,net.appcloudbox.common.analytics.logger.FlurryLogger$FlurryDBHelper.getFlurryItems,#3630,17,3
NotificationCleanerProvider.java,com.fasttrack.security.notificationcleaner.data.NotificationCleanerProvider.fetchBlockedAndTimeValidNotificationCount$1385f2,#6720,16,13
CrashGuard.java,com.fasttrack.security.CrashGuard$1.run,#9061,16,14
:com.google.android.gms.DynamiteModulesA@11975436,bolts.AppLink.sourceUrl,#9197,16,11
NotificationServiceV18.java,com.fasttrack.security.notificationcleaner.NotificationServiceV18.com.fasttrack.security.messagesecurity.MessageSecurityProcessor.process,#10057,15,9
MainActivity.java,com.fasttrack.security.MainActivity.onCreate,#9157,14,10
SCApplication.java,com.fasttrack.security.SCApplication$1.onPostReceive,#9166,14,9
ANRManagerNative.java,android.app.ANRManagerNative.asInterface,#21,13,6
MoPubBrowser.java,com.mopub.common.MoPubBrowser$1.onProgressChanged,#811,13,9
SceneJunkCleanFloatView.java,com.fasttrack.security.floatwindow.view.SceneJunkCleanFloatView.initView,#2478,13,7
AcbAdPlacementController.java,net.appcloudbox.ads.loadcontroller.AcbAdPlacementController.updatePreloadStrategy,#3853,13,10
:com.google.android.gms.DynamiteModulesA@11975436,bolts.UnobservedErrorNotifier.task,#9205,13,11
CallIdleAlert.java,com.call.assistant.ui.CallIdleAlert$6.onClick,#9159,12,7
Arrays.java,java.util.Arrays.checkOffsetAndCount,#599,11,7
NetworkChangeNotifierAutoDetect.java,org.chromium.net.NetworkChangeNotifierAutoDetect.getCurrentNetworkState,#3332,11,6
u,com.avl.engine.c.a.u.a,#4069,11,7
g,com.avl.engine.antivirus.g.a,#5759,11,7
SessionMgr.java,com.ihs.app.framework.inner.SessionMgr.startSession,#7624,11,8
:com.google.android.gms.DynamiteModulesA@11975036,com.acb.autopilot.inner.data.EventDBHelper.saveMessenger,#9148,11,9
BaseSettingsActivity.java,com.fasttrack.security.common.BaseSettingsActivity.onCreate,#1900,10,7
Config.java,net.appcloudbox.goldeneye.config.Config$2.net.appcloudbox.common.utils.AcbEncrypt.decode,#2164,10,7
AVLProvider,com.avl.engine.security.AVLProvider.update,#3966,10,8
NotificationDisplayManager.java,com.messagecenter.notification.NotificationDisplayManager$1.onReceive,#9123,10,8
:com.google.android.gms.DynamiteModulesA@11975440,com.airbnb.lottie.Cancellable.cancel,#9294,10,7
FloatWindowManager.java,com.ihs.flashlight.FloatWindowManager.createFloatWindow,#1350,9,2
AudienceNetworkActivity,com.facebook.ads.AudienceNetworkActivity.onBackPressed,#2432,9,8
FloatWindowManager.java,com.fasttrack.security.floatwindow.FloatWindowManager.createFloatWindowView$2fffad8c,#7291,9,7
CommonSessionMgr.java,net.appcloudbox.common.session.CommonSessionMgr.onActivityStart$63a22f9,#9132,9,3
:com.google.android.gms.DynamiteModulesA@11975236,bolts.Continuation.a,#9399,9,6
SnapSurfaceView.java,com.fasttrack.security.view.SnapSurfaceView$2.run,#1583,8,6
AVLProvider,com.avl.engine.security.AVLProvider.query,#5769,8,1
NativeProtocol.java,com.facebook.internal.NativeProtocol.fetchAllAvailableProtocolVersionsForAppInfo,#1266,7,7
StorageUtils.java,com.nostra13.universalimageloader.utils.StorageUtils.getCacheDirectory,#1284,7,3
FlashButton.java,com.fasttrack.security.lockscreen.charging.view.FlashButton.onSizeChanged,#2394,7,5
SmartClipRemoteRequestDispatcher.java,com.samsung.android.smartclip.SmartClipRemoteRequestDispatcher.,#2643,7,4
AcbContentProviderUtils.java,net.appcloudbox.common.utils.AcbContentProviderUtils.call$5671dad0,#2656,7,6
n,com.facebook.ads.internal.view.n.,#3737,7,1
Toasts.java,com.superapps.util.Toasts$1.run,#7886,7,5
:com.google.android.gms@11975436,lep.a,#8100,7,2
ChildConnectionAllocator.java,org.chromium.base.process_launcher.ChildConnectionAllocator.create,#8547,7,1
DeviceManager.java,com.fasttrack.security.util.DeviceManager.getRamUsage,#9027,7,6
TypefacedTextView.java,com.superapps.view.TypefacedTextView.onMeasure,#9192,7,6
CallIdleAlert.java,com.call.assistant.ui.CallIdleAlert.,#9213,7,2
IconScanView.java,com.fasttrack.security.view.IconScanView.startAnimationScan,#9260,7,7
CallIdleAlert.java,com.call.assistant.ui.CallIdleAlert$5.onClick,#9263,7,3
Notifications.java,com.superapps.util.Notifications$2.run,#9469,7,7
FloatTopBannerView.java,com.fasttrack.security.messagesecurity.view.FloatTopBannerView.hide,#9521,7,2
ThreadPoolFactory.java,com.ihs.device.common.async.ThreadPoolFactory.newThreadPool,#10044,7,1
GLSurfaceView.java,android.opengl.GLSurfaceView$EglHelper.throwEglException,#24,6,4
SmartClipRemoteRequestDispatcher.java,com.samsung.android.smartclip.SmartClipRemoteRequestDispatcher.,#1305,6,5
ActivityThread.java,android.app.ActivityThread.checkPowerSavingState,#1824,6,4
a,com.avl.engine.f.a.a,#3390,6,1
AcbAdPlacementController.java,net.appcloudbox.ads.loadcontroller.AcbAdPlacementController.isPreloadAllowed,#3868,6,6
PINKeyboardView.java,com.fasttrack.security.applock.view.PINKeyboardView.,#4035,6,1
AcbTaskExecutor.java,net.appcloudbox.common.Task.AcbTaskExecutor$1.run,#4062,6,4
a,com.avl.engine.h.d.a.,#5782,6,5
ResultPageActivity.java,com.fasttrack.security.resultpage.ResultPageActivity.onCreate,#9265,6,4
:com.google.android.gms.DynamiteModulesA@11975434,bolts.AppLink.sourceUrl,#9274,6,4
:com.google.android.gms.DynamiteModulesA@11975246,bolts.Continuation.a,#9330,6,4
:com.google.android.gms.DynamiteModulesA@11975436,com.airbnb.lottie.FontAssetManager.run,#9506,6,4
Binder.java,android.os.BinderProxy.transactNative,#148,5,4
GLSurfaceView.java,android.opengl.GLSurfaceView$BaseConfigChooser.chooseConfig,#416,5,1
NetworkDispatcher.java,com.mopub.volley.NetworkDispatcher.run,#1329,5,3
zzw,com.google.android.gms.internal.zzw.zza,#1599,5,4
XmlUtils.java,com.android.internal.util.XmlUtils.readThisValueXml,#1798,5,4
AcbImageLoader.java,net.appcloudbox.common.ImageLoader.AcbImageLoader.decodeFile,#2446,5,4
d,com.avl.engine.c.d.a,#4526,5,5
ResultTransitionUtils.java,com.fasttrack.security.resultpage.util.ResultTransitionUtils.startForJunkClean,#6946,5,3
GestureLockView.java,com.fasttrack.security.view.GestureLockView.vibrate$1349ef,#7815,5,3
CallIdleAlertActivity.java,com.call.assistant.ui.CallIdleAlertActivity.onCreate,#9135,5,5
AppLockBaseActivity.java,com.fasttrack.security.applock.AppLockBaseActivity.onCreate,#9241,5,4
:com.google.android.gms.DynamiteModulesA@11975430,com.airbnb.lottie.Cancellable.cancel,#9242,5,4
AppLockManager.java,com.fasttrack.security.applock.core.AppLockManager.cancelAllAppRelockTime,#9271,5,5
CommonSessionMgr.java,net.appcloudbox.common.session.CommonSessionMgr.net.appcloudbox.common.session.HomeKeyTracker.startTracker,#9288,5,4
:com.google.android.gms.DynamiteModulesA@11975234,bolts.Continuation.a,#9301,5,5
:com.google.android.gms.DynamiteModulesA@11975038,com.acb.autopilot.inner.data.EventDBHelper.saveMessenger,#9304,5,3
:com.google.android.gms.DynamiteModulesA@11975446,com.airbnb.lottie.Cancellable.cancel,#9345,5,5
AppLockActivity.java,com.fasttrack.security.applock.AppLockActivity.onResume,#9363,5,4
AlertMgr.java,com.ihs.app.alerts.impl.AlertMgr$2.isNetworkConnected,#9397,5,2
:com.google.android.gms.DynamiteModulesA@11975448,bolts.AppLink.sourceUrl,#9495,5,3
ProtectedAppDatabaseHelper.java,com.fasttrack.security.applock.manager.ProtectedAppDatabaseHelper.fetchProtectInfo,#9545,5,2
ProtectedAppDatabaseHelper.java,com.fasttrack.security.applock.manager.ProtectedAppDatabaseHelper.fetchProtectInfo,#9906,5,1
:com.google.android.gms@11975230,com.ihs.device.clean.junk.cache.app.sys.task.SysExternalCacheScanProcessor.d,#10079,5,1
Intents.java,com.mopub.common.util.Intents.deviceCanHandleIntent,#927,4,3
a,com.facebook.ads.internal.i.a.a.a,#1177,4,3
NetworkChangeNotifierAutoDetect.java,org.chromium.net.NetworkChangeNotifierAutoDetect$ConnectivityManagerDelegate.getNetworkCapabilities,#1857,4,4
FileUtils.java,net.appcloudbox.common.utils.FileUtils.readRawFile$27409007,#2241,4,3
EventUploadTask.java,com.acb.autopilot.inner.EventUploadTask$1.com.acb.autopilot.inner.data.EventDBHelper.insertEvent,#3264,4,3
AcbAdAdapter.java,net.appcloudbox.ads.base.AcbAdAdapter.loadAd,#3714,4,4
AcbAdLoader.java,net.appcloudbox.ads.loadcontroller.AcbAdLoader.loadingAdAndReturnOweCount,#3885,4,2
ResultTransitionUtils.java,com.fasttrack.security.resultpage.util.ResultTransitionUtils.startForBoost,#6432,4,3
NotificationCleanerProvider.java,com.fasttrack.security.notificationcleaner.data.NotificationCleanerProvider.fetchRecentBlockedAppPackageNameList$30a3ae68,#7151,4,2
MainActivity.java,com.fasttrack.security.MainActivity$18.onAnimationEnd,#7695,4,2
:com.google.android.gms.DynamiteModulesA@11975034,com.acb.autopilot.inner.data.EventDBHelper.saveMessenger,#9014,4,3
:com.google.android.gms.DynamiteModulesA@11975238,bolts.Continuation.a,#9188,4,4
ForegroundAppReporter.java,com.fasttrack.security.applock.core.ForegroundAppReporter.getForegroundPackageNameByScanProcFolder2,#9238,4,3
:com.google.android.gms.DynamiteModulesA@11975034,bolts.AppLinks.a,#9239,4,2
EntryActivity.java,com.fasttrack.security.EntryActivity.startMainActivity,#9249,4,2
NotificationReceiver.java,com.fasttrack.security.notification.NotificationReceiver.com.fasttrack.security.notification.NotificationManager.handleEventAndCollapse,#9302,4,3
ChargingReportActivity.java,com.ihs.chargingreport.ChargingReportActivity.onCreate,#9326,4,4
NotificationCleanerUtil.java,com.fasttrack.security.notificationcleaner.NotificationCleanerUtil.drawableToBitmap,#9408,4,4
CallIdleAlertActivity.java,com.call.assistant.ui.CallIdleAlertActivity.onReceive,#9455,4,2
MainActivity.java,com.fasttrack.security.MainActivity.onResume,#9564,4,3
:com.google.android.gms.DynamiteModulesA@11975032,bolts.AppLinks.a,#9743,4,2
MessageCenterSettings.java,com.messagecenter.customize.MessageCenterSettings.getDefaultSmsAppPackageName,#10110,4,1
PermanentService.java,com.ihs.device.permanent.PermanentService.createNotification$7adcf9d5,#10167,4,1
CpuCoolerManager.java,com.fasttrack.security.cpucooler.CpuCoolerManager.com.fasttrack.security.util.DeviceManager.getCpuTemperatureCelsius,#10225,4,1
CallIdleAlertActivity.java,com.call.assistant.ui.CallIdleAlertActivity.showCallAlert$550f7336,#10265,4,2
Binder.java,android.os.BinderProxy.transact,#132,3,2
KXmlParser.java,org.kxml2.io.KXmlParser.fillBuffer,#923,3,3
LiveWallpaperService.java,com.fasttrack.security.livewallpaper.LiveWallpaperService$SampleEngine.onSurfaceCreated,#1213,3,2
d,com.facebook.ads.internal.e.d.h,#1278,3,1
XmlUtils.java,com.android.internal.util.XmlUtils.readThisMapXml,#1749,3,3
AcbFileUtils.java,net.appcloudbox.common.ImageLoader.AcbFileUtils.getDiskCacheFolder,#2167,3,1
AcbFileUtils.java,net.appcloudbox.common.ImageLoader.AcbFileUtils.getSDCardAvailMB,#2358,3,3
LockScreenAdapter.java,com.fasttrack.security.lockscreen.LockScreenAdapter.instantiateItem,#2526,3,3
NotificationCleanerSettingActivity.java,com.fasttrack.security.notificationcleaner.activity.NotificationCleanerSettingActivity.onCreate,#2900,3,3
EventUploadTask.java,com.acb.autopilot.inner.EventUploadTask$1.com.acb.autopilot.inner.data.EventDBHelper.insertEvent,#4356,3,2
AcbNativeInterstitialActivity.java,net.appcloudbox.ads.interstitialads.NativeInterstitial.AcbNativeInterstitialActivity.onCreate,#4386,3,2
SecurityDBManager.java,com.fasttrack.security.manager.SecurityDBManager.deleteScanResult,#4584,3,2
Parcel.java,android.os.Parcel.readException,#4942,3,2
MemoryScanTask.java,com.ihs.device.clean.memory.task.MemoryScanTask$1.run,#5693,3,1
f,com.avl.engine.g.g.f.a,#6069,3,2
ResultListAdapter.java,com.fasttrack.security.resultpage.card.ResultListAdapter.onCreateViewHolder,#7094,3,1
JunkCleanAnimationActivity.java,com.fasttrack.security.junkclean.JunkCleanAnimationActivity.onCreate,#7740,3,3
SCPackageManager.java,com.fasttrack.security.applock.manager.SCPackageManager.updateInstalledApplicationsOnWorkerThread,#9190,3,2
ChargingReportPlugActivity.java,com.ihs.chargingreport.ChargingReportPlugActivity.onCreate,#9201,3,3
SCApplication.java,com.fasttrack.security.SCApplication$2.onNewinstallAppScanFinished,#9283,3,2
NotificationWindowManager.java,com.fasttrack.security.notification.NotificationWindowManager$2.onFling,#9486,3,3
NotificationCondition.java,com.fasttrack.security.notification.NotificationCondition.createIconsNotificationView,#10031,3,2
BatteryActivity.java,com.fasttrack.security.battery.BatteryActivity.onCreate,#10120,3,1
FlashLightView.java,com.fasttrack.security.view.FlashLightView.decodeBitmapResource,#10122,3,1
MessageLogger.java,android.os.MessageLogger.dump,#10222,3,1
TextResourceReader.java,com.fasttrack.security.opengl.TextResourceReader.readTextFileFromResource,#694,2,2
b,com.facebook.ads.internal.view.b.,#978,2,1
HSNetworkUtils.java,com.ihs.commons.utils.HSNetworkUtils.checkWall,#1034,2,2
Parcel.java,android.os.Parcel.readException,#1206,2,1
SettingLaunchpad.java,com.ihs.device.clean.accessibility.task.SettingLaunchpad.processIntent,#1591,2,2
Utility.java,com.facebook.internal.Utility.invokeMethodQuietly,#1793,2,1
AVLA,com.avl.engine.security.AVLA.initEngine,#1934,2,1
Process.java,android.os.Process.setThreadPriority,#2208,2,1
AcbAdmobBannerAd.java,net.appcloudbox.ads.adadapter.AdmobBannerAdapter.AcbAdmobBannerAd$2.run,#2362,2,1
Parcel.java,android.os.Parcel.readException,#2481,2,1
SafeWindowManager.java,com.fasttrack.security.floatwindow.SafeWindowManager.addView,#2869,2,1
NotificationCleanerGuideView.java,com.fasttrack.security.notificationcleaner.guide.NotificationCleanerGuideView$2.lambda$onAnimationEnd$0,#3384,2,2
SessionMgr.java,com.ihs.app.framework.inner.SessionMgr.com.ihs.app.framework.inner.HomeKeyTracker.startTracker,#3689,2,2
FlurryLogger.java,net.appcloudbox.common.analytics.logger.FlurryLogger$FlurryDBHelper.getFlurryItems,#3768,2,1
AdmobBannerAdapter.java,net.appcloudbox.ads.adadapter.AdmobBannerAdapter.AdmobBannerAdapter$2.run,#4116,2,1
FlashButton.java,com.fasttrack.security.lockscreen.charging.view.FlashButton.drawableToBitmap,#4195,2,2
SecurityDBManager.java,com.fasttrack.security.manager.SecurityDBManager.,#4262,2,1
FlurryLogger.java,net.appcloudbox.common.analytics.logger.FlurryLogger$FlurryDBHelper.getWriteableDB,#4442,2,1
GLSurfaceView.java,android.opengl.GLSurfaceView$EglHelper.throwEglException,#4449,2,1
AppRunningUtils.java,com.ihs.device.common.utils.AppRunningUtils.getRunningAppFromService,#4462,2,1
BoostAnimationManager.java,com.fasttrack.security.boost.BoostAnimationManager.getBoostAppIconDrawables,#5030,2,1
ScanAnimationView.java,com.fasttrack.security.view.ScanAnimationView.,#5297,2,1
g,com.avl.engine.j.g.b,#5758,2,1
AppLockOptionActivity.java,com.fasttrack.security.applock.AppLockOptionActivity.onCreate,#6153,2,1
ResultTransitionUtils.java,com.fasttrack.security.resultpage.util.ResultTransitionUtils.startForNotificationCleaner,#6341,2,2
ResultTransitionUtils.java,com.fasttrack.security.resultpage.util.ResultTransitionUtils.startForVirusScan,#6836,2,2
AcbMapUtils.java,net.appcloudbox.common.utils.AcbMapUtils.getObject,#6837,2,1
MainActivity.java,com.fasttrack.security.MainActivity$11.run,#6909,2,2
SceneDetector.java,com.fasttrack.security.floatwindow.SceneDetector.checkTopApp,#7028,2,2
Config.java,net.appcloudbox.goldeneye.config.Config$2.getNewConfigDataHashCode,#7378,2,1
SessionMgr.java,com.ihs.app.framework.inner.SessionMgr.startSession,#7706,2,2
AudioManagerAndroid.java,org.chromium.media.AudioManagerAndroid.hasUsbAudio,#8219,2,2
Util.java,net.oneplus.odm.common.Util.getVersionCode,#8550,2,1
:com.google.android.gms@11975448,lep.a,#8701,2,1
MessageSecurityUtil.java,com.fasttrack.security.messagesecurity.MessageSecurityUtil.startActivityByPackageName,#9178,2,2
ProtectedAppDatabaseHelper.java,com.fasttrack.security.applock.manager.ProtectedAppDatabaseHelper.fetchProtectInfo,#9195,2,2
:com.google.android.gms@11975446,com.ihs.device.clean.junk.JunkDataManager.e,#9218,2,1
CallIdleAlert.java,com.call.assistant.ui.CallIdleAlert$4.onClick,#9327,2,1
Permissions.java,com.superapps.util.Permissions.isFloatWindowAllowed,#9370,2,1
BasePermissionActivity.java,com.fasttrack.security.common.BasePermissionActivity.showDialog,#9377,2,1
SmsNotificationInfo.java,com.messagecenter.notification.SmsNotificationInfo.parseMessageExtras,#9425,2,1
:com.google.android.gms.DynamiteModulesA@11975446,bolts.AppLink.sourceUrl,#9426,2,1
ChargingReportUnplugActivity.java,com.ihs.chargingreport.ChargingReportUnplugActivity.onCreate,#9461,2,2
SCApplication.java,com.fasttrack.security.SCApplication.com.fasttrack.security.lockscreen.LockScreenUtils.initLockScreen,#9480,2,2
CallIdleAlert.java,com.call.assistant.ui.CallIdleAlert.com.call.assistant.util.HomeKeyWatcher.startWatch,#9523,2,1
:com.google.android.gms.DynamiteModulesA@11975032,com.airbnb.lottie.ImageLayer.a,#9537,2,1
:com.google.android.gms.DynamiteModulesA@11975436,com.airbnb.lottie.GammaEvaluator.a,#9552,2,2
:com.google.android.gms.DynamiteModulesA@11975030,com.acb.autopilot.inner.data.EventDBHelper.saveMessenger,#9637,2,1
ChargingReportActivity.java,com.ihs.chargingreport.ChargingReportActivity.onCreate,#9698,2,1
:com.google.android.gms.DynamiteModulesA@11975070,com.acb.autopilot.inner.data.EventDBHelper.saveMessenger,#9700,2,1
:com.google.android.gms.DynamiteModulesA@11975032,com.acb.autopilot.inner.data.EventDBHelper.saveMessenger,#9785,2,2
:com.google.android.gms@11975236,com.ihs.device.clean.junk.cache.app.sys.task.SysExternalCacheScanProcessor.d,#9789,2,1
CallLogTask.java,com.call.assistant.task.CallLogTask.doInBackground,#9819,2,1
:com.google.android.gms.DynamiteModulesA@11975448,com.google.android.gms.ads.safebrowsing.d.run,#9949,2,1
SysCacheScanTask.java,com.ihs.device.clean.junk.cache.app.sys.task.SysCacheScanTask$1.run,#10045,2,1
AcbTaskExecutor.java,net.appcloudbox.common.Task.AcbTaskExecutor.onStart,#10049,2,1
MainActivity.java,com.fasttrack.security.MainActivity.setDrawerMenuIcon,#10086,2,2
CardListContent.java,com.fasttrack.security.resultpage.content.CardListContent.initView,#10088,2,1
AndroidHttpRequestEngine.java,com.ihs.commons.connection.httplib.AndroidHttpRequestEngine.setReadTimeout,#10098,2,1
Utils.java,com.fasttrack.security.util.Utils.getDisplayMetrics,#10105,2,2
:com.google.android.gms.DynamiteModulesA@11975034,com.airbnb.lottie.DrawingContent.draw,#10116,2,1
BoostAnimationManager.java,com.fasttrack.security.boost.BoostAnimationManager.startIconAnimation,#10153,2,1
AdUrlGenerator.java,com.mopub.common.AdUrlGenerator.setMncCode,#10159,2,1
SmsMessageAlertActivity.java,com.messagecenter.sms.SmsMessageAlertActivity.onCreate,#10160,2,2
:com.google.android.gms.DynamiteModulesA@11976438,bolts.UnobservedErrorNotifier.task,#10186,2,1
BaseActivity.java,com.ihs.device.clean.junk.cache.app.sys.task.SysExternalCacheScanTask.onCreate,#10250,2,1
SCPackageManager.java,com.fasttrack.security.applock.manager.SCPackageManager.updateInstalledApplicationsOnWorkerThread,#10277,2,1
ScribeEventRecorder.java,com.mopub.common.event.ScribeEventRecorder.dequeueEvents,#10284,2,1
ScanManager.java,com.fasttrack.security.manager.ScanManager.removeApplication,#10285,2,1
VMRuntime.java,dalvik.system.VMRuntime.newNonMovableArray,#48,1,1
CharsetEncoder.java,java.nio.charset.CharsetEncoder.,#269,1,1
CharsetEncoder.java,java.nio.charset.CharsetEncoder.,#350,1,1
GLSurfaceView.java,android.opengl.GLSurfaceView$EglHelper.throwEglException,#575,1,1
p,com.facebook.ads.internal.util.p.a,#744,1,1
HSVersionControlUtils.java,com.ihs.app.utils.HSVersionControlUtils.getAppVersionName,#755,1,1
AndroidHttpRequestEngine.java,com.ihs.commons.connection.httplib.AndroidHttpRequestEngine.getResponseCode,#760,1,1
Networking.java,com.mopub.network.Networking.getUserAgent,#816,1,1
GioneeResourcesManager.java,amigo.theme.core.res.GioneeResourcesManager.loadColorStateList,#1029,1,1
g,com.facebook.ads.internal.g.g.a,#1047,1,1
SnapSurfaceView.java,com.fasttrack.security.view.SnapSurfaceView$2.run,#1155,1,1
b,com.facebook.ads.internal.d.b.uncaughtException,#1271,1,1
CacheDispatcher.java,com.mopub.volley.CacheDispatcher.run,#1319,1,1
SettingLaunchpad.java,com.ihs.device.clean.accessibility.task.SettingLaunchpad.finishLaunchpad,#1410,1,1
WheelView.java,com.fasttrack.security.view.timepickerview.WheelView.cancelFuture,#1958,1,1
GraphResponse.java,com.facebook.GraphResponse.fromHttpConnection,#2028,1,1
HTML5VideoViewProxy.java,android.webkit.HTML5VideoViewProxy$PosterDownloader.cleanup,#2060,1,1
AcbFileUtils.java,net.appcloudbox.common.ImageLoader.AcbFileUtils.getDiskCacheFolder,#2161,1,1
LockScreenManager.java,com.fasttrack.security.lockscreen.LockScreenManager.hideLockScreen$58dfe0b8,#2441,1,1
NativeAd,com.facebook.ads.NativeAd$MediaCacheFlag.,#2520,1,1
AcbHttpConnection.java,net.appcloudbox.common.connection.AcbHttpConnection.jsonFromResponseData,#2636,1,1
AwContentsClient.java,org.chromium.android_webview.AwContentsClient.shouldIgnoreNavigation,#2779,1,1
AcbServerAPIConnection.java,net.appcloudbox.common.connection.AcbServerAPIConnection.SHA256,#2885,1,1
UrlResolutionTask.java,com.mopub.common.UrlResolutionTask.resolveRedirectLocation,#3002,1,1
Parcel.java,android.os.Parcel.readException,#3049,1,1
ViewDebug.java,android.view.ViewDebug.getExportedPropertyMethods,#3093,1,1
AFExecutor,com.appsflyer.AFExecutor.stopExecutorService,#3223,1,1
JunkCleanUninstallFloatView.java,com.fasttrack.security.floatwindow.view.JunkCleanUninstallFloatView.initView$10cf00e,#3412,1,1
HSAppCompatActivity.java,com.ihs.app.framework.activity.HSAppCompatActivity.onCreate,#3468,1,1
FlashStripeView.java,com.fasttrack.security.view.FlashStripeView.onDraw,#3481,1,1
JunkCleanActivity.java,com.fasttrack.security.junkclean.JunkCleanActivity.onCreate,#3533,1,1
FlurryLogger.java,net.appcloudbox.common.analytics.logger.FlurryLogger$FlurryDBHelper.insertFlurry,#3704,1,1
AcbExpressAdView.java,net.appcloudbox.ads.expressads.AcbExpressAdView.startSwitchAdAnimation,#3831,1,1
NativeAdThemeManager.java,net.appcloudbox.ads.expressads.theme.NativeAdThemeManager.downloadRemoteTheme,#3863,1,1
BaseLayer.java,com.airbnb.lottie.BaseLayer.setProgress,#3924,1,1
HSServerAPIConnection.java,com.ihs.commons.connection.HSServerAPIConnection.SHA256,#3930,1,1
Validate.java,com.facebook.internal.Validate.sdkInitialized,#3968,1,1
BaseCenterActivity.java,com.fasttrack.security.common.BaseCenterActivity.onCreate,#4079,1,1
ScanTask.java,com.fasttrack.security.manager.ScanTask.scanFile,#4154,1,1
ChargingRootView.java,com.fasttrack.security.lockscreen.charging.ChargingRootView.onAttachedToWindow,#4165,1,1
ChildConnectionAllocator.java,org.chromium.base.process_launcher.ChildConnectionAllocator.create,#4257,1,1
lr,com.flurry.sdk.lr.b,#4434,1,1
NotificationBlockedActivity.java,com.fasttrack.security.notificationcleaner.activity.NotificationBlockedActivity.startActivityWithPackageName,#4488,1,1
FlurryLogger.java,net.appcloudbox.common.analytics.logger.FlurryLogger$FlurryDBHelper.insertFlurry,#4778,1,1
SPenSupport.java,org.chromium.ui.base.SPenSupport.convertSPenEventAction,#4884,1,1
MainBottomView.java,com.fasttrack.security.main.MainBottomView.onClick,#4929,1,1
JunkHeadCategoryItem.java,com.fasttrack.security.junkclean.list.JunkHeadCategoryItem.createViewHolder,#5002,1,1
ScreenStatusManager.java,com.fasttrack.security.alive.ScreenStatusManager.registerScreenOnOff,#5077,1,1
AsyncTask.java,android.os.AsyncTask$3.done,#5164,1,1
Choreographer.java,android.view.Choreographer.getRefreshRate,#5672,1,1
NativeAd,com.facebook.ads.NativeAd.,#5704,1,1
AVLProvider,com.avl.engine.security.AVLProvider.insert,#5712,1,1
HSChargingManager.java,com.ihs.libcharging.HSChargingManager$2.com.ihs.libcharging.HSChargingManager.processIntent,#5870,1,1
Parcel.java,android.os.Parcel.readException,#5954,1,1
j,com.avl.engine.j.j.d,#6126,1,1
i,com.avl.engine.j.i.a,#6350,1,1
ResultTransitionUtils.java,com.fasttrack.security.resultpage.util.ResultTransitionUtils.startForBattery,#6532,1,1
ResultTransitionUtils.java,com.fasttrack.security.resultpage.util.ResultTransitionUtils.startForCpuCooler$3f786212,#6728,1,1
NotificationCleanerProvider.java,com.fasttrack.security.notificationcleaner.data.NotificationCleanerProvider.fetchBlockedAndTimeValidNotificationDataList$30a3ae68,#6926,1,1
GLSurfaceView.java,android.opengl.GLSurfaceView$EglHelper.throwEglException,#7413,1,1
AsyncTask.java,android.os.AsyncTask$2.call,#7454,1,1
ScanResultActivityNew.java,com.fasttrack.security.scanresult.ScanResultActivityNew.onCreate,#7704,1,1
BoostActivity.java,com.fasttrack.security.boost.BoostActivity.onCreate,#7780,1,1
SessionMgr.java,com.ihs.app.framework.inner.SessionMgr.endSession,#7810,1,1
HSInstallationUtils.java,com.ihs.app.utils.HSInstallationUtils.isGooglePlayInstalled,#7918,1,1
:com.google.android.gms.DynamiteModulesA@11975038,com.google.android.gms.ads.exoplayer3.audio.m.c,#8170,1,1
NetworkChangeNotifierAutoDetect.java,org.chromium.net.NetworkChangeNotifierAutoDetect$MyNetworkCallback.onAvailable,#8355,1,1
GLSurfaceView.java,android.opengl.GLSurfaceView$BaseConfigChooser.chooseConfig,#8537,1,1
MemoryReceiver.java,com.ihs.device.clean.memory.MemoryReceiver.onReceive,#8819,1,1
Permissions.java,com.superapps.util.Permissions.isUsageAccessGranted,#8935,1,1
LibraryLoader.java,org.chromium.base.library_loader.LibraryLoader.loadAlreadyLocked,#8986,1,1
:com.google.android.gms.DynamiteModulesA@11975438,bolts.AppLink.sourceUrl,#9026,1,1
ToastFactory.java,com.huawei.android.hwcontrol.ToastFactory.layoutInflate,#9202,1,1
NotificationMessageAlertActivity.java,com.messagecenter.notification.NotificationMessageAlertActivity.onCreate,#9262,1,1
DismissKeyguradActivity.java,com.fasttrack.security.lockscreen.DismissKeyguradActivity.onCreate,#9267,1,1
NotificationCleanerUtil.java,com.fasttrack.security.notificationcleaner.NotificationCleanerUtil.autoOpenNotificationCleanerIfNeeded,#9269,1,1
:com.google.android.gms.DynamiteModulesA@11975436,com.airbnb.lottie.Cancellable.cancel,#9312,1,1
IncomingCallReceiver.java,com.call.assistant.receiver.IncomingCallReceiver$IncomingCallListener.init,#9315,1,1
Notifications.java,com.superapps.util.Notifications$1.run,#9349,1,1
:com.google.android.gms.DynamiteModulesA@11975448,bolts.UnobservedErrorNotifier.task,#9353,1,1
ImageLoader.java,com.nostra13.universalimageloader.core.ImageLoader.checkConfiguration,#9376,1,1
:com.google.android.gms.DynamiteModulesA@11975036,bolts.AppLinks.a,#9379,1,1
ForegroundAppReporter.java,com.fasttrack.security.applock.core.ForegroundAppReporter.getForegroundPackageNameByGetRunningTask,#9454,1,1
CallIdleAlert.java,com.call.assistant.ui.CallIdleAlert.initEndCallView,#9462,1,1
MainActivity.java,com.fasttrack.security.MainActivity.startLoadingRotateAnimation,#9519,1,1
NotificationMessageAlertActivity.java,com.messagecenter.notification.NotificationMessageAlertActivity.jumpToDefault,#9551,1,1
:com.google.android.gms@11975436,com.ihs.device.clean.junk.JunkDataManager.e,#9563,1,1
:com.google.android.gms@11975234,com.ihs.device.clean.junk.cache.app.sys.task.SysExternalCacheScanProcessor.e,#9566,1,1
SmsIntentService.java,com.messagecenter.service.SmsIntentService.startSmsAlert,#9591,1,1
:com.google.android.gms.DynamiteModulesA@11975246,com.google.android.gms.ads.safebrowsing.d.run,#9628,1,1
CallIdleAlertActivity.java,com.call.assistant.ui.CallIdleAlertActivity.onCreate,#9632,1,1
NotificationMessageAlertActivity.java,com.messagecenter.notification.NotificationMessageAlertActivity.onResume,#9722,1,1
:com.google.android.gms.DynamiteModulesA@11976436,com.airbnb.lottie.Cancellable.cancel,#9734,1,1
:com.google.android.gms.DynamiteModulesA@11975246,com.airbnb.lottie.GreedyContent.absorbContent,#9795,1,1
EntryActivity.java,com.fasttrack.security.EntryActivity.onCreate,#9804,1,1
AudioManagerAndroid.java,org.chromium.media.AudioManagerAndroid.hasUsbAudio,#9881,1,1
:com.google.android.gms.DynamiteModulesA@11975236,com.airbnb.lottie.GreedyContent.absorbContent,#9910,1,1
:com.google.android.gms.DynamiteModulesA@11975436,com.google.android.gms.ads.safebrowsing.d.run,#9955,1,1
AndroidHttpRequestEngine.java,net.appcloudbox.common.connection.httplib.AndroidHttpRequestEngine.getResponseCode,#9969,1,1
GestureLockView.java,com.fasttrack.security.view.GestureLockView.onDraw,#9982,1,1
AlertMgr.java,com.ihs.app.alerts.impl.AlertMgr$2.loadAlertFile,#9994,1,1
:com.google.android.gms.DynamiteModulesA@11975436,com.acb.autopilot.inner.EventManager.context,#10008,1,1
FlurryLogger.java,net.appcloudbox.common.analytics.logger.FlurryLogger$FlurryDBHelper.insertFlurry,#10055,1,1
ResultPageActivity.java,com.fasttrack.security.resultpage.ResultPageActivity.onAttachedToWindow,#10067,1,1
CrashGuard.java,com.fasttrack.security.CrashGuard.checkIgnorable,#10093,1,1
CallIdleAlert.java,com.call.assistant.ui.CallIdleAlert.getAdView,#10121,1,1
SmsMessageAlertActivity.java,com.messagecenter.sms.SmsMessageAlertActivity.onCreate,#10129,1,1
WebViewCore.java,android.webkit.WebViewCore$EventHub.transferMessages,#10135,1,1
:com.google.android.gms@11975034,com.ihs.device.clean.junk.cache.nonapp.commonrule.agent.CommonFileCacheCleanTaskAgent.isRunning,#10138,1,1
SQLiteDatabase.java,android.database.sqlite.SQLiteDatabase.openDatabase,#10139,1,1
b,com.facebook.ads.internal.view.d.c.b.,#10151,1,1
:com.google.android.gms.DynamiteModulesA@11975446,com.airbnb.lottie.ScaleXY.e,#10154,1,1
NotificationWindowManager.java,com.fasttrack.security.notification.NotificationWindowManager$3.lambda$onAnimationEnd$0,#10171,1,1
Utility.java,com.facebook.internal.Utility.setAppEventExtendedDeviceInfoParameters,#10179,1,1
DeviceUtils.java,com.mopub.common.util.DeviceUtils.getDeviceDimensions,#10180,1,1
MessageSecurityMiddlePageReceiver.java,com.fasttrack.security.messagesecurity.MessageSecurityMiddlePageReceiver.startActivity,#10185,1,1
HomeKeyWatcher.java,com.messagecenter.util.HomeKeyWatcher.stopWatch,#10193,1,1
ForegroundAppReporter.java,com.fasttrack.security.applock.core.ForegroundAppReporter.getForegroundPackageNameByUsageStats,#10194,1,1
CrashGuard.java,wd$1.run,#10203,1,1
RequestParameters.java,com.mopub.nativeads.RequestParameters$NativeAdAsset.,#10205,1,1
AppLockUtils.java,ayd.b,#10208,1,1
:com.google.android.gms@11975238,com.ihs.device.clean.junk.cache.app.sys.task.SysExternalCacheScanProcessor.e,#10210,1,1
a,com.avl.engine.g.e.a.d,#10215,1,1
MainActivity.java,com.fasttrack.security.MainActivity$9.com.fasttrack.security.view.FlashStripeView.startFlashStripeAnimation,#10223,1,1
AppLockUtils.java,com.fasttrack.security.util.AppLockUtils.read,#10245,1,1
TextServicesManager.java,android.view.textservice.TextServicesManager.,#10261,1,1
EntryActivity.java,com.fasttrack.security.EntryActivity.onCreate,#10271,1,1
:com.google.android.gms.DynamiteModulesA,com.fasttrack.security.lockscreen.locker.LockerRootView$$Lambda$1.b,#10274,1,1
NotificationCondition.java,com.fasttrack.security.notification.NotificationCondition.createDefaultNotificationView,#10278,1,1
SAPreferenceHelper.java,com.superapps.util.SAPreferenceHelper.,#10279,1,1
ScanManager.java,com.fasttrack.security.manager.ScanManager.addNewInstallScanListener,#10280,1,1
AppsFlyerProperties,com.appsflyer.AppsFlyerProperties.loadProperties,#10286,1,1
:com.google.android.gms.DynamiteModulesA@11975034,com.google.android.gms.ads.exoplayer3.audio.m.c,#10295,1,1
CpuCoolDownActivity.java,com.fasttrack.security.cpucooler.CpuCoolDownActivity.onCreate,#10297,1,1
:com.google.android.gms.DynamiteModulesA@11975248,com.airbnb.lottie.GreedyContent.absorbContent,#10305,1,1
:com.google.android.gms.DynamiteModulesA@11975446,com.acb.autopilot.inner.EventManager.context,#10309,1,1
